{
    "loss": 14.489518165588379,
    "accuracy": 0.48201438784599304
}