{
    "loss": 14.456981658935547,
    "accuracy": 0.5035971403121948
}