{
    "loss": 6.981955051422119,
    "accuracy": 0.5035971403121948
}