{
    "loss": 1.1589066982269287,
    "accuracy": 0.8705036044120789
}