{
    "loss": 25.63447380065918,
    "accuracy": 0.48201438784599304
}