{
    "loss": 8.553437232971191,
    "accuracy": 0.5035971403121948
}